date,total_pnl,avg_pnl,trade_count,total_volume,avg_trade_size,profitable_trades,buy_count,sell_count,sentiment_value,win_rate,buy_sell_ratio
2023-05-01,0.0,0.0,3,477.0,159.0,0,3,0,63.0,0.0,3.0
2023-12-05,0.0,0.0,9,50005.83,5556.203333333334,0,7,2,75.0,0.0,2.3333333333333335
2023-12-14,-205.43473700000007,-18.675885181818188,11,113203.35,10291.213636363636,4,5,6,72.0,0.36363636363636365,0.7142857142857143
2023-12-15,-24.632033999999997,-12.316016999999999,2,10609.95,5304.975,0,2,0,70.0,0.0,2.0
2023-12-16,0.0,0.0,3,15348.77,5116.256666666667,0,3,0,67.0,0.0,3.0
2023-12-17,304.982785,21.78448464285714,14,116278.02,8305.572857142857,7,3,11,73.0,0.5,0.25
2023-12-18,0.0,0.0,2,31164.179999999997,15582.089999999998,0,2,0,65.0,0.0,2.0
2023-12-19,1000.5386120000001,66.70257413333334,15,91602.41,6106.827333333334,10,5,10,73.0,0.6666666666666666,0.45454545454545453
2023-12-20,162.732282,9.040682333333333,18,141636.79,7868.710555555556,8,10,8,74.0,0.4444444444444444,1.1111111111111112
2023-12-21,537.211402,10.963498000000001,49,125233.97,2555.795306122449,26,22,27,70.0,0.5306122448979592,0.7857142857142857
2023-12-22,141.832675,14.1832675,10,88874.28,8887.428,2,8,2,74.0,0.2,2.6666666666666665
2023-12-23,146.936704,11.302823384615383,13,78438.25,6033.711538461538,8,5,8,70.0,0.6153846153846154,0.5555555555555556
2023-12-24,1008.619956,25.862050153846155,39,402954.94,10332.177948717948,15,21,18,71.0,0.38461538461538464,1.105263157894737
2023-12-25,-245.081348,-81.69378266666666,3,59948.51,19982.836666666666,0,2,1,73.0,0.0,1.0
2023-12-27,-704.8892269999999,-25.174615249999995,28,171411.06,6121.823571428571,4,15,13,73.0,0.14285714285714285,1.0714285714285714
2023-12-28,-970.730876,-42.20569026086957,23,100117.25,4352.923913043478,0,10,13,73.0,0.0,0.7142857142857143
2023-12-29,508.92214299999995,10.178442859999999,50,569559.72,11391.1944,15,31,19,65.0,0.3,1.55
2023-12-30,354.998648,6.826897076923077,52,702550.21,13510.58096153846,23,20,32,68.0,0.4423076923076923,0.6060606060606061
2024-01-01,-129.53146,-7.196192222222223,18,264239.52999999997,14679.973888888888,1,10,8,65.0,0.05555555555555555,1.1111111111111112
2024-01-02,783.979116,46.11641858823529,17,121348.74,7138.1611764705885,8,9,8,71.0,0.47058823529411764,1.0
2024-01-03,866.015507,12.925604582089552,67,394499.36,5888.050149253731,28,32,35,70.0,0.417910447761194,0.8888888888888888
2024-01-04,-67.60364,-13.520728,5,99792.54000000001,19958.508,0,2,3,68.0,0.0,0.5
2024-01-05,164.141565,2.486993409090909,66,1703942.66,25817.31303030303,13,31,35,72.0,0.19696969696969696,0.8611111111111112
2024-01-06,135.58166400000002,6.16280290909091,22,298521.4,13569.154545454547,10,11,11,70.0,0.45454545454545453,0.9166666666666666
2024-01-07,-835.681235,-8.615270463917525,97,1048850.06,10812.887216494846,9,52,45,71.0,0.09278350515463918,1.1304347826086956
2024-01-08,-269.874439,-2.1083940546875,128,1522452.43,11894.159609375,32,40,88,71.0,0.25,0.449438202247191
2024-01-09,-826.349863,-11.804998042857143,70,870051.97,12429.313857142857,18,28,42,76.0,0.2571428571428571,0.6511627906976745
2024-01-10,-1517.091342,-7.860576901554404,193,2057479.48,10660.515440414507,41,92,101,73.0,0.21243523316062177,0.9019607843137255
2024-01-11,-164.08950099999998,-7.813785761904761,21,305314.1,14538.766666666666,5,13,8,76.0,0.23809523809523808,1.4444444444444444
2024-01-12,-1925.519024,-275.0741462857143,7,200082.27,28583.181428571428,0,5,2,71.0,0.0,1.6666666666666667
2024-01-15,152.85358,10.918112857142857,14,50636.1,3616.8642857142854,9,5,9,52.0,0.6428571428571429,0.5
2024-01-16,-2299.171458,-255.4634953333333,9,116427.33,12936.37,3,4,5,64.0,0.3333333333333333,0.6666666666666666
2024-01-17,813.2741110000001,15.344794547169812,53,800831.03,15110.019433962265,11,31,22,60.0,0.20754716981132076,1.3478260869565217
2024-01-18,68.93319,1.4985476086956522,46,424631.52999999997,9231.120217391304,3,18,28,63.0,0.06521739130434782,0.6206896551724138
2024-01-19,-385.419235,-8.029567395833334,48,428428.97,8925.603541666665,6,31,17,51.0,0.125,1.7222222222222223
2024-01-20,-146.57487000000003,-1.3827817924528305,106,1070090.51,10095.193490566038,15,60,46,52.0,0.14150943396226415,1.2765957446808511
2024-01-21,266.58114600000005,24.234649636363642,11,103129.74,9375.43090909091,3,3,8,56.0,0.2727272727272727,0.3333333333333333
2024-01-22,1375.640959,16.18401128235294,85,337878.99,3975.0469411764707,23,51,34,55.0,0.27058823529411763,1.457142857142857
2024-01-23,-369.2447299999998,-8.20543844444444,45,414518.93000000005,9211.531777777778,11,33,12,50.0,0.24444444444444444,2.5384615384615383
2024-01-24,-2808.353815,-41.29932080882353,68,965084.59,14192.42044117647,10,27,41,48.0,0.14705882352941177,0.6428571428571429
2024-01-25,-3093.6293849999997,-515.6048975,6,66566.13,11094.355000000001,0,0,6,52.0,0.0,0.0
2024-01-26,90.2,18.04,5,11773.21,2354.642,1,4,1,49.0,0.2,2.0
2024-01-28,-2478.06972,-225.27906545454545,11,18109.03,1646.2754545454545,0,0,11,54.0,0.0,0.0
2024-01-29,486.562542,6.5751694864864865,74,414208.18,5597.407837837838,45,21,53,55.0,0.6081081081081081,0.3888888888888889
2024-01-30,-173.65419100000003,-3.5439630816326537,49,401011.38,8183.905714285715,5,28,21,61.0,0.10204081632653061,1.2727272727272727
2024-01-31,-799.840817,-0.93113017112922,859,6305647.13,7340.683504074505,231,470,389,60.0,0.2689173457508731,1.205128205128205
2024-02-01,0.0,0.0,6,2008.18,334.69666666666666,0,6,0,63.0,0.0,6.0
2024-02-02,456.423473,10.867225547619048,42,474278.43,11292.343571428572,13,19,23,63.0,0.30952380952380953,0.7916666666666666
2024-02-03,223.30918699999998,3.9876640535714283,56,603820.0,10782.5,6,18,38,60.0,0.10714285714285714,0.46153846153846156
2024-02-04,47.62389499999999,1.360682714285714,35,203187.53,5805.358,9,19,16,60.0,0.2571428571428571,1.1176470588235294
2024-02-05,-33.45419400000003,-0.4646415833333337,72,770198.26,10697.198055555556,14,33,39,60.0,0.19444444444444445,0.825
2024-02-06,-215.615907,-0.19817638511029412,1088,8047153.41,7396.280707720588,179,518,570,64.0,0.1645220588235294,0.9071803852889667
2024-02-07,241.24212,16.082808,15,6758.73,450.582,2,7,8,62.0,0.13333333333333333,0.7777777777777778
2024-02-08,770.756024,77.07560240000001,10,26051.12,2605.112,4,2,8,66.0,0.4,0.2222222222222222
2024-02-11,983.443176,28.924799294117648,34,212311.82,6244.465294117647,7,23,11,71.0,0.20588235294117646,1.9166666666666667
2024-02-12,913.8817869999998,57.11761168749999,16,227247.69999999998,14202.981249999999,6,11,5,70.0,0.375,1.8333333333333333
2024-02-13,559.44389,39.960277857142856,14,1999.99,142.85642857142858,14,0,14,79.0,1.0,0.0
2024-02-14,3830.599833,34.509908405405405,111,320839.88,2890.4493693693694,83,34,77,74.0,0.7477477477477478,0.4358974358974359
2024-02-15,1840.797677,29.219010746031746,63,185188.04,2939.4926984126987,57,52,11,72.0,0.9047619047619048,4.333333333333333
2024-02-16,5491.768834,30.174554032967034,182,564896.51,3103.826978021978,146,115,67,72.0,0.8021978021978022,1.6911764705882353
2024-02-17,1929.6418,20.52810425531915,94,406118.07,4320.405,61,50,44,76.0,0.648936170212766,1.1111111111111112
2024-02-18,477.6248299999999,4.923967319587628,97,157048.17,1619.0532989690723,61,38,59,72.0,0.6288659793814433,0.6333333333333333
2024-02-19,4317.768563,42.750183792079206,101,286377.2,2835.417821782178,77,41,60,75.0,0.7623762376237624,0.6721311475409836
2024-02-20,3263.628824,83.68279035897436,39,119419.72,3062.0441025641026,31,13,26,72.0,0.7948717948717948,0.48148148148148145
2024-02-21,1858.7985700000002,84.49084409090909,22,108047.51999999999,4911.250909090909,15,7,15,78.0,0.6818181818181818,0.4375
2024-02-22,3894.1050699999996,44.25119397727272,88,373033.87,4239.02125,40,35,53,74.0,0.45454545454545453,0.6481481481481481
2024-02-23,1418.55293,9.91995055944056,143,111106.14,776.966013986014,137,131,12,76.0,0.958041958041958,10.076923076923077
2024-02-25,-30.7705,-6.1541,5,4480.13,896.0260000000001,0,2,3,74.0,0.0,0.5
2024-02-26,4416.8473,113.25249487179488,39,192187.14,4927.875384615385,34,27,12,72.0,0.8717948717948718,2.076923076923077
2024-02-27,888.511733,14.103360841269842,63,209362.3,3323.2111111111108,26,33,30,79.0,0.4126984126984127,1.064516129032258
2024-02-28,2503.747235,55.63882744444444,45,171107.13,3802.380666666667,39,31,14,82.0,0.8666666666666667,2.066666666666667
2024-02-29,9813.996992,84.60342234482759,116,395666.73,3410.9200862068965,100,60,56,80.0,0.8620689655172413,1.0526315789473684
2024-03-01,8244.241409,60.176944591240876,137,472974.7,3452.370072992701,128,37,100,80.0,0.9343065693430657,0.36633663366336633
2024-03-02,230.90060000000005,7.448406451612905,31,63197.56,2038.6309677419354,21,28,3,80.0,0.6774193548387096,7.0
2024-03-03,8361.086245,105.83653474683545,79,390745.68,4946.1478481012655,54,36,43,83.0,0.6835443037974683,0.8181818181818182
2024-03-04,27799.775742,92.66591914,300,1577996.87,5259.989566666667,266,161,139,82.0,0.8866666666666667,1.15
2024-03-05,19791.026041,109.95014467222222,180,841810.32,4676.724,163,55,125,90.0,0.9055555555555556,0.4365079365079365
2024-03-06,6814.825139,83.10762364634145,82,327218.02,3990.4636585365856,72,49,33,75.0,0.8780487804878049,1.4411764705882353
2024-03-08,4271.886236,63.7594960597015,67,183583.18,2740.047462686567,59,19,48,81.0,0.8805970149253731,0.3877551020408163
2024-03-09,9949.501624,85.03847541880343,117,658178.75,5625.459401709401,97,83,34,84.0,0.8290598290598291,2.3714285714285714
2024-03-10,2482.9272,59.117314285714286,42,219973.85,5237.472619047619,29,38,4,79.0,0.6904761904761905,7.6
2024-03-11,3588.179495,85.43284511904761,42,176519.44999999998,4202.844047619047,39,12,30,82.0,0.9285714285714286,0.3870967741935484
2024-03-12,3039.166,379.89575,8,103040.85,12880.10625,7,1,7,81.0,0.875,0.125
2024-03-13,0.0,0.0,7,6000.799999999999,857.2571428571428,0,7,0,81.0,0.0,7.0
2024-03-14,3465.865832,192.5481017777778,18,205933.18,11440.732222222221,16,2,16,88.0,0.8888888888888888,0.11764705882352941
2024-03-15,6236.513651,100.58892985483871,62,351894.41,5675.71629032258,41,26,36,83.0,0.6612903225806451,0.7027027027027027
2024-03-16,228.57984,28.57248,8,37223.66,4652.9575,1,5,3,81.0,0.125,1.25
2024-03-17,503.293955,21.882345869565217,23,99506.95,4326.389130434783,10,18,5,79.0,0.43478260869565216,3.0
2024-03-18,1456.9577,76.68198421052631,19,90458.08,4760.951578947369,6,13,6,77.0,0.3157894736842105,1.8571428571428572
2024-03-19,668.797973,27.86658220833333,24,219884.84,9161.868333333334,5,17,7,79.0,0.20833333333333334,2.125
2024-03-20,6423.134599,93.08890723188406,69,215705.85,3126.171739130435,60,29,40,74.0,0.8695652173913043,0.7073170731707317
2024-03-21,2335.5080749999997,83.41100267857142,28,117895.57,4210.556071428572,23,26,2,78.0,0.8214285714285714,8.666666666666666
2024-03-24,1297.018477,68.26413036842105,19,92592.20999999999,4873.274210526315,15,15,4,74.0,0.7894736842105263,3.0
2024-03-25,1302.916428,186.13091828571427,7,57116.32,8159.4742857142855,6,0,7,75.0,0.8571428571428571,0.0
2024-03-26,3215.906593,27.253445703389833,118,198565.19,1682.7558474576272,110,8,110,81.0,0.9322033898305084,0.07207207207207207
2024-03-27,150.41114,3.9581878947368416,38,99864.79,2628.020789473684,12,19,19,83.0,0.3157894736842105,0.95
2024-03-28,227.85100799999998,17.527000615384615,13,35323.72,2717.209230769231,9,12,1,80.0,0.6923076923076923,6.0
2024-03-29,883.097404,58.873160266666666,15,86914.37,5794.291333333333,6,9,6,79.0,0.4,1.2857142857142858
2024-03-30,1100.57514,24.45722533333333,45,101103.92,2246.753777777778,44,1,44,75.0,0.9777777777777777,0.022222222222222223
2024-03-31,912.786145,70.21431884615384,13,39912.96,3070.2276923076925,10,0,13,75.0,0.7692307692307693,0.0
2024-04-01,2507.963406,32.57095332467532,77,339470.47,4408.7074025974025,42,32,45,79.0,0.5454545454545454,0.6956521739130435
2024-04-02,883.760812,21.555141756097562,41,239664.50999999998,5845.475853658536,12,10,31,79.0,0.2926829268292683,0.3125
2024-04-03,126.7884,31.6971,4,16887.57,4221.8925,1,3,1,71.0,0.25,1.5
2024-04-04,0.0,0.0,32,95987.73,2999.6165625,0,0,32,70.0,0.0,0.0
2024-04-05,10706.484306,107.06484306,100,503791.8,5037.918,90,17,83,79.0,0.9,0.20238095238095238
2024-04-06,236.33513399999998,14.770945874999999,16,68223.67,4263.979375,4,0,16,75.0,0.25,0.0
2024-04-07,0.0,0.0,23,49988.14,2173.397391304348,0,0,23,78.0,0.0,0.0
2024-04-08,1218.4267,40.614223333333335,30,211940.64,7064.688,1,1,29,76.0,0.03333333333333333,0.03333333333333333
2024-04-09,0.0,0.0,3,57063.840000000004,19021.280000000002,0,0,3,80.0,0.0,0.0
2024-04-10,5207.443414,127.01081497560976,41,351735.97,8578.926097560974,36,40,1,78.0,0.8780487804878049,20.0
2024-04-11,389.743164,24.35894775,16,76400.96,4775.06,2,14,2,76.0,0.125,4.666666666666667
2024-04-12,-592.6458390000001,-4.594153790697676,129,442088.59,3427.0433333333335,71,43,86,79.0,0.5503875968992248,0.4942528735632184
2024-04-13,6621.451755,74.3983343258427,89,486411.25,5465.294943820225,61,46,43,72.0,0.6853932584269663,1.0454545454545454
2024-04-14,-36104.012520000004,-337.4206777570094,107,659162.17,6160.394112149533,33,46,61,72.0,0.308411214953271,0.7419354838709677
2024-04-15,3774.08872,92.05094439024391,41,291111.19,7100.272926829269,35,18,23,74.0,0.8536585365853658,0.75
2024-04-16,2467.702221,52.504302574468085,47,181907.17,3870.3653191489366,43,31,16,65.0,0.9148936170212766,1.8235294117647058
2024-04-17,2441.4683999999997,174.39059999999998,14,97562.99,6968.785000000001,13,13,1,67.0,0.9285714285714286,6.5
2024-04-19,1946.4454620000001,55.61272748571429,35,337257.92000000004,9635.940571428573,27,5,30,66.0,0.7714285714285715,0.16129032258064516
2024-04-20,0.0,0.0,22,60733.24,2760.601818181818,0,20,2,66.0,0.0,6.666666666666667
2024-04-22,0.0,0.0,9,47993.61,5332.623333333333,0,0,9,73.0,0.0,0.0
2024-04-23,1119.536196,16.962669636363636,66,233054.9,3531.1348484848486,35,37,29,71.0,0.5303030303030303,1.2333333333333334
2024-04-24,279.185907,13.95929535,20,141275.24,7063.762,6,13,7,72.0,0.3,1.625
2024-04-25,0.0,0.0,74,120241.01,1624.8785135135136,0,74,0,72.0,0.0,74.0
2024-04-26,0.0,0.0,3,4988.290000000001,1662.7633333333335,0,0,3,70.0,0.0,0.0
2024-04-27,4281.488139,158.57363477777778,27,154264.47,5713.498888888889,19,0,27,67.0,0.7037037037037037,0.0
2024-04-28,0.0,0.0,58,43985.6,758.3724137931034,0,0,58,65.0,0.0,0.0
2024-04-29,526.9338359999999,11.709640799999999,45,108699.01,2415.5335555555553,17,24,21,67.0,0.37777777777777777,1.0909090909090908
2024-04-30,0.0,0.0,24,125018.75,5209.114583333333,0,24,0,67.0,0.0,24.0
2024-05-01,0.0,0.0,14,87025.45,6216.103571428571,0,14,0,54.0,0.0,14.0
2024-05-03,5306.017045,147.3893623611111,36,282682.64999999997,7852.295833333333,17,3,33,48.0,0.4722222222222222,0.08823529411764706
2024-05-04,0.0,0.0,9,58998.75,6555.416666666667,0,0,9,67.0,0.0,0.0
2024-05-05,0.916,0.15266666666666667,6,24068.350000000002,4011.391666666667,1,1,5,69.0,0.16666666666666666,0.16666666666666666
2024-05-06,968.59038,107.62115333333333,9,206016.43,22890.714444444442,4,8,1,71.0,0.4444444444444444,4.0
2024-05-07,883.537693,49.08542738888889,18,108717.58,6039.865555555556,9,6,12,68.0,0.5,0.46153846153846156
2024-05-08,1.56576,0.12044307692307693,13,65973.57,5074.89,1,12,1,64.0,0.07692307692307693,6.0
2024-05-09,1147.595856,40.985566285714285,28,221966.12,7927.361428571428,11,9,19,55.0,0.39285714285714285,0.45
2024-05-10,2101.741695,95.53371340909092,22,156882.0,7131.0,6,16,6,66.0,0.2727272727272727,2.2857142857142856
2024-05-11,251.604742,27.956082444444444,9,63248.95,7027.661111111111,9,0,9,53.0,1.0,0.0
2024-05-12,0.0,0.0,23,55179.56,2399.111304347826,0,17,6,56.0,0.0,2.4285714285714284
2024-05-13,2136.853859,76.31620925,28,193118.9,6897.103571428571,10,5,23,57.0,0.35714285714285715,0.20833333333333334
2024-05-14,1150.5233050000002,50.02275239130436,23,145853.4,6341.452173913043,4,23,0,66.0,0.17391304347826086,23.0
2024-05-15,948.970582,26.360293944444447,36,234922.57,6525.626944444444,17,11,25,64.0,0.4722222222222222,0.4230769230769231
2024-05-16,214.5898,7.94777037037037,27,162620.96,6022.998518518518,5,14,13,70.0,0.18518518518518517,1.0
2024-05-18,3522.3946610000003,140.89578644000002,25,126303.14,5052.1256,16,7,18,73.0,0.64,0.3684210526315789
2024-05-19,0.0,0.0,8,29998.09,3749.76125,0,8,0,72.0,0.0,8.0
2024-05-20,-74.818442,-7.4818442,10,38124.75,3812.475,0,7,3,70.0,0.0,1.75
2024-05-21,7289.397571999999,58.31518057599999,125,1100948.59,8807.588720000002,14,29,96,76.0,0.112,0.29896907216494845
2024-05-22,0.0,0.0,6,44995.29,7499.215,0,0,6,76.0,0.0,0.0
2024-05-23,413.347329,1.2718379353846154,325,401850.6,1236.4633846153845,145,189,136,76.0,0.4461538461538462,1.3795620437956204
2024-05-24,821.949278,410.974639,2,50811.899999999994,25405.949999999997,2,0,2,74.0,1.0,0.0
2024-05-25,14.126038999999999,0.8828774374999999,16,29991.129999999997,1874.4456249999998,5,7,9,76.0,0.3125,0.7
2024-05-26,778.6839,48.66774375,16,53976.67,3373.541875,4,2,14,75.0,0.25,0.13333333333333333
2024-05-27,1129.35587,4.499425776892431,251,151115.72,602.0546613545816,90,93,158,74.0,0.35856573705179284,0.5849056603773585
2024-05-29,277.791953,1.6938533719512194,164,84268.76,513.8339024390243,68,67,97,72.0,0.4146341463414634,0.6836734693877551
2024-05-30,20.951433,2.9930618571428576,7,2838.09,405.4414285714286,5,5,2,73.0,0.7142857142857143,1.6666666666666667
2024-05-31,25.35812,1.9506246153846154,13,3636.14,279.70307692307694,4,4,9,73.0,0.3076923076923077,0.4
2024-06-01,91.510419,3.66041676,25,12834.62,513.3848,9,9,16,72.0,0.36,0.5294117647058824
2024-06-02,192.906947,2.074268247311828,93,29464.51,316.822688172043,34,34,59,73.0,0.3655913978494624,0.5666666666666667
2024-06-03,562.808208,8.040117257142859,70,21466.86,306.66942857142857,44,44,26,73.0,0.6285714285714286,1.6296296296296295
2024-06-04,52.211438,0.9851214716981133,53,24243.41,457.42283018867926,25,25,28,73.0,0.4716981132075472,0.8620689655172413
2024-06-05,56.055506,1.038064925925926,54,25350.77,469.4587037037037,16,17,37,75.0,0.2962962962962963,0.4473684210526316
2024-06-06,274.173187,1.1716802863247862,234,137557.76,587.8536752136753,100,102,132,78.0,0.42735042735042733,0.7669172932330827
2024-06-07,8902.467416,20.23288049090909,440,1098588.76,2496.7926363636366,176,181,259,77.0,0.4,0.6961538461538461
2024-06-08,129.13883900000002,4.453063413793104,29,97351.88,3356.961379310345,8,21,8,72.0,0.27586206896551724,2.3333333333333335
2024-06-09,0.0,0.0,17,22410.22,1318.2482352941176,0,17,0,75.0,0.0,17.0
2024-06-10,31.266804999999998,0.589939716981132,53,46587.93,879.0175471698113,18,22,31,72.0,0.33962264150943394,0.6875
2024-06-11,4320.631811,35.12708789430894,123,373279.92,3034.7960975609753,17,114,9,74.0,0.13821138211382114,11.4
2024-06-12,-21886.531493,-86.16744682283463,254,193407.96,761.4486614173228,21,115,139,72.0,0.08267716535433071,0.8214285714285714
2024-06-13,6632.757115,83.95895082278481,79,132577.22,1678.1926582278481,19,76,3,70.0,0.24050632911392406,19.0
2024-06-14,10258.592609,330.9223422258064,31,139868.66,4511.892258064517,15,31,0,74.0,0.4838709677419355,31.0
2024-06-15,3369.958346,43.20459417948718,78,718350.25,9209.61858974359,38,9,69,74.0,0.48717948717948717,0.12857142857142856
2024-06-16,0.0,0.0,11,25235.079999999998,2294.0981818181817,0,0,11,71.0,0.0,0.0
2024-06-17,10599.502375,278.9342730263158,38,368380.12,9694.213684210526,25,32,6,71.0,0.6578947368421053,4.571428571428571
2024-06-18,282.57636,11.3030544,25,263314.79,10532.5916,4,21,4,74.0,0.16,4.2
2024-06-19,4887.656944,80.12552367213115,61,417071.12,6837.231475409836,31,3,58,64.0,0.5081967213114754,0.05084745762711865
2024-06-20,57478.456026,1473.8065647692308,39,207990.8,5333.097435897435,8,0,39,60.0,0.20512820512820512,0.0
2024-06-21,773.5582039999999,9.66947755,80,176264.49,2203.306125,3,68,12,63.0,0.0375,5.230769230769231
2024-06-22,756.876565,31.536523541666668,24,169594.27000000002,7066.427916666667,8,4,20,53.0,0.3333333333333333,0.19047619047619047
2024-06-23,0.0,0.0,5,1792.12,358.424,0,0,5,55.0,0.0,0.0
2024-06-24,0.0,0.0,31,403002.8,13000.090322580645,0,25,6,51.0,0.0,3.5714285714285716
2024-06-25,4869.353105,99.3745531632653,49,103099.08,2104.062857142857,11,11,38,30.0,0.22448979591836735,0.28205128205128205
2024-06-26,4197.732182,58.30183586111111,72,365190.66000000003,5072.092500000001,21,41,31,46.0,0.2916666666666667,1.28125
2024-06-27,0.0,0.0,30,130486.95,4349.565,0,12,18,40.0,0.0,0.631578947368421
2024-06-29,6150.326145,82.0043486,75,280095.11,3734.6014666666665,24,35,40,30.0,0.32,0.8536585365853658
2024-06-30,0.0,0.0,14,30520.69,2180.049285714286,0,5,9,47.0,0.0,0.5
2024-07-01,5065.839308,79.1537391875,64,362670.14999999997,5666.721093749999,26,6,58,53.0,0.40625,0.1016949152542373
2024-07-02,2421.253116,134.514062,18,33347.47,1852.6372222222224,13,13,5,51.0,0.7222222222222222,2.1666666666666665
2024-07-03,1118.387284,62.132626888888886,18,179600.66,9977.814444444444,4,18,0,50.0,0.2222222222222222,18.0
2024-07-04,0.0,0.0,25,430568.01,17222.720400000002,0,25,0,44.0,0.0,25.0
2024-07-05,0.0,0.0,32,272289.89,8509.0590625,0,32,0,29.0,0.0,32.0
2024-07-06,108.87217799999999,4.53634075,24,2490.17,103.75708333333334,7,17,7,26.0,0.2916666666666667,2.125
2024-07-07,61.428942,6.1428942,10,498.75,49.875,10,0,10,29.0,1.0,0.0
2024-07-08,0.0,0.0,1,497.64,497.64,0,1,0,28.0,0.0,1.0
2024-07-09,648.984412,43.265627466666665,15,2736.45,182.42999999999998,15,0,15,27.0,1.0,0.0
2024-07-10,11977.734907,213.88812333928573,56,687900.21,12283.93232142857,38,10,46,28.0,0.6785714285714286,0.2127659574468085
2024-07-11,1876.812082,98.77958326315789,19,169887.02,8941.422105263156,9,10,9,29.0,0.47368421052631576,1.0
2024-07-12,1412.314654,74.33235021052631,19,89582.97,4714.893157894737,9,19,0,25.0,0.47368421052631576,19.0
2024-07-13,2913.617837,171.38928452941175,17,139189.19,8187.599411764706,17,0,17,25.0,1.0,0.0
2024-07-14,0.0,0.0,7,84001.13,12000.16142857143,0,0,7,33.0,0.0,0.0
2024-07-15,-1.0,-0.038461538461538464,26,198344.85,7628.6480769230775,0,2,24,52.0,0.0,0.08
2024-07-16,0.0,0.0,22,144000.57,6545.480454545454,0,0,22,65.0,0.0,0.0
2024-07-17,1859.269477,5.297064037037037,351,626005.53,1783.4915384615385,145,155,196,69.0,0.4131054131054131,0.7868020304568528
2024-07-18,3803.884311,63.398071849999994,60,649704.85,10828.414166666666,48,60,0,61.0,0.8,60.0
2024-07-19,2155.891114,93.73439626086956,23,150269.42,6533.453043478262,12,1,22,60.0,0.5217391304347826,0.043478260869565216
2024-07-20,2299.169566,8.643494609022557,266,244362.21,918.65492481203,33,41,225,74.0,0.12406015037593984,0.18141592920353983
2024-07-21,-2960.716887,-6.608743051339286,448,234307.46,523.0077232142856,21,239,209,74.0,0.046875,1.138095238095238
2024-07-22,1517.119876,9.851427766233765,154,304213.8,1975.4142857142856,22,103,51,70.0,0.14285714285714285,1.9807692307692308
2024-07-23,89890.302206,242.9467627189189,370,358526.54,968.9906486486486,329,137,233,71.0,0.8891891891891892,0.5854700854700855
2024-07-24,625.561479,6.9506831,90,69207.93,768.977,18,54,36,69.0,0.2,1.4594594594594594
2024-07-25,916.7382600000001,11.753054615384617,78,528555.31,6776.350128205129,10,77,1,68.0,0.1282051282051282,38.5
2024-07-26,2766.513113,18.200744164473683,152,548587.65,3609.1292763157894,61,43,109,68.0,0.40131578947368424,0.39090909090909093
2024-07-27,6400.623656,112.2916430877193,57,905199.75,15880.697368421053,42,9,48,72.0,0.7368421052631579,0.1836734693877551
2024-07-28,587.29903,36.706189375,16,43254.68,2703.4175,12,15,1,71.0,0.75,7.5
2024-07-29,330.80445399999996,8.482165487179486,39,327199.14,8389.72153846154,16,18,21,74.0,0.41025641025641024,0.8181818181818182
2024-07-30,0.0,0.0,6,36006.47,6001.078333333334,0,6,0,67.0,0.0,6.0
2024-07-31,765.690884,17.806764744186047,43,84506.54,1965.2683720930231,14,17,26,61.0,0.32558139534883723,0.6296296296296297
2024-08-01,167.080017,2.9312283684210527,57,227774.53,3996.044385964912,4,47,10,52.0,0.07017543859649122,4.2727272727272725
2024-08-02,782.3681909999999,12.418542714285714,63,396320.37,6290.799523809524,17,42,21,57.0,0.2698412698412698,1.9090909090909092
2024-08-03,464.1897,12.545667567567568,37,290532.86,7852.239459459459,1,36,1,37.0,0.02702702702702703,18.0
2024-08-04,-122672.000883,-965.9212667952756,127,1207744.07,9509.795826771655,3,60,67,34.0,0.023622047244094488,0.8823529411764706
2024-08-05,-13013.665169,-162.6708146125,80,420495.4,5256.1925,33,41,39,26.0,0.4125,1.025
2024-08-06,267.318048,2.4982995140186914,107,61478.38,574.5642990654205,13,76,31,17.0,0.12149532710280374,2.375
2024-08-07,188.789255,5.720886515151515,33,2492.77,75.53848484848484,10,12,21,29.0,0.30303030303030304,0.5454545454545454
2024-08-08,-40.712216999999995,-4.5235796666666666,9,16299.35,1811.038888888889,0,5,4,20.0,0.0,1.0
2024-08-09,18082.071276,125.56993941666666,144,503204.86,3494.4781944444444,43,54,90,48.0,0.2986111111111111,0.5934065934065934
2024-08-10,0.0,0.0,88,11339.29,128.8555681818182,0,87,1,40.0,0.0,43.5
2024-08-11,847.7766200000001,35.32402583333334,24,44230.21,1842.9254166666667,4,16,8,39.0,0.16666666666666666,1.7777777777777777
2024-08-12,858.6705000000001,17.88896875,48,54167.32,1128.4858333333334,6,39,9,25.0,0.125,3.9
2024-08-13,212.08102,9.220913913043479,23,20797.87,904.2552173913043,8,20,3,31.0,0.34782608695652173,5.0
2024-08-14,2168.9015130000003,86.75606052,25,66710.03,2668.4012,5,19,6,30.0,0.2,2.7142857142857144
2024-08-15,0.0,0.0,12,1522.3700000000001,126.86416666666668,0,12,0,29.0,0.0,12.0
2024-08-16,825.230544,23.578015542857145,35,166382.84,4753.795428571429,3,32,3,27.0,0.08571428571428572,8.0
2024-08-17,-288.283113,-9.609437100000001,30,30248.96,1008.2986666666667,0,29,1,25.0,0.0,14.5
2024-08-18,307.201888,20.480125866666665,15,62804.48,4186.965333333334,12,0,15,31.0,0.8,0.0
2024-08-19,339.69958299999996,42.462447874999995,8,100315.03,12539.37875,5,3,5,28.0,0.625,0.5
2024-08-20,192.602844,16.050237,12,49914.8,4159.566666666667,1,5,7,30.0,0.08333333333333333,0.625
2024-08-21,656.200925,4.525523620689655,145,104990.41,724.0717931034483,54,56,89,26.0,0.3724137931034483,0.6222222222222222
2024-08-23,1005.30527,100.53052699999999,10,63509.56,6350.956,3,0,10,34.0,0.3,0.0
2024-08-24,0.0,0.0,7,34999.67,4999.952857142857,0,0,7,56.0,0.0,0.0
2024-08-25,0.0,0.0,17,21950.28,1291.1929411764704,0,8,9,54.0,0.0,0.8
2024-08-26,231.236918,38.539486333333336,6,92611.27,15435.211666666668,2,6,0,55.0,0.3333333333333333,6.0
2024-08-27,0.0,0.0,50,70250.16,1405.0032,0,49,1,48.0,0.0,24.5
2024-08-28,1333.359645,148.15107166666667,9,71160.06999999999,7906.674444444444,2,9,0,30.0,0.2222222222222222,9.0
2024-08-29,0.0,0.0,1,9995.85,9995.85,0,0,1,29.0,0.0,0.0
2024-08-30,256.464,42.744,6,37233.24,6205.54,1,4,2,34.0,0.16666666666666666,1.3333333333333333
2024-08-31,10.882801,0.3200823823529412,34,107507.43000000001,3161.983235294118,12,11,23,29.0,0.35294117647058826,0.4583333333333333
2024-09-01,137.433093,11.452757750000002,12,12359.68,1029.9733333333334,5,7,5,26.0,0.4166666666666667,1.1666666666666667
2024-09-02,0.0,0.0,2,30000.42,15000.21,0,2,0,26.0,0.0,2.0
2024-09-04,1065.785132,31.346621529411763,34,131480.97,3867.0873529411765,5,31,3,27.0,0.14705882352941177,7.75
2024-09-05,0.0,0.0,1,0.84,0.84,0,0,1,29.0,0.0,0.0
2024-09-06,-1104.856765,-26.306113452380952,42,39047.1,929.6928571428571,0,4,38,22.0,0.0,0.10256410256410256
2024-09-08,0.0,0.0,1,0.11,0.11,0,0,1,29.0,0.0,0.0
2024-09-09,0.0,0.0,2,4014.4300000000003,2007.2150000000001,0,2,0,26.0,0.0,2.0
2024-09-10,-219.729659,-73.24321966666666,3,2547.28,849.0933333333334,0,1,2,33.0,0.0,0.3333333333333333
2024-09-11,0.0,0.0,1,0.54,0.54,0,0,1,37.0,0.0,0.0
2024-09-14,0.0,0.0,11,1014.8000000000001,92.25454545454546,0,10,1,50.0,0.0,5.0
2024-09-18,-878.684794,-6.059895131034483,145,13633.5,94.02413793103449,0,11,134,45.0,0.0,0.08148148148148149
2024-09-19,0.0,0.0,19,1521.8700000000001,80.09842105263158,0,19,0,49.0,0.0,19.0
2024-09-20,9585.03428,599.0646425,16,332873.38,20804.58625,8,3,13,54.0,0.5,0.21428571428571427
2024-09-21,36165.56933,1572.416057826087,23,165648.12,7202.092173913044,23,0,23,54.0,1.0,0.0
2024-09-22,0.0,0.0,3,19999.739999999998,6666.579999999999,0,3,0,52.0,0.0,3.0
2024-09-23,334.760796,167.380398,2,40334.29,20167.145,1,1,1,50.0,0.5,0.5
2024-09-24,0.0,0.0,10,7118.63,711.863,0,9,1,54.0,0.0,4.5
2024-09-25,0.0,0.0,9,52754.130000000005,5861.570000000001,0,6,3,59.0,0.0,1.5
2024-09-26,439.812513,54.976564125,8,113711.93000000001,14213.991250000001,2,0,8,50.0,0.25,0.0
2024-09-27,0.0,0.0,56,126097.04,2251.732857142857,0,0,56,61.0,0.0,0.0
2024-09-28,0.0,0.0,4,29199.21,7299.8025,0,0,4,64.0,0.0,0.0
2024-09-30,2710.626288,25.571946113207545,106,214669.85,2025.1872641509435,5,10,96,61.0,0.04716981132075472,0.10309278350515463
2024-10-01,0.0,0.0,4,139954.32,34988.58,0,4,0,50.0,0.0,4.0
2024-10-02,0.0,0.0,4,99954.34,24988.585,0,4,0,42.0,0.0,4.0
2024-10-03,100.375782,11.152864666666666,9,132935.69,14770.632222222222,3,6,3,37.0,0.3333333333333333,1.5
2024-10-04,0.0,0.0,1,0.34,0.34,0,0,1,41.0,0.0,0.0
2024-10-05,5767.161892,155.86924032432432,37,605605.74,16367.722702702702,24,9,28,49.0,0.6486486486486487,0.3103448275862069
2024-10-06,130.487079,5.9312308636363635,22,300130.56,13642.298181818182,5,6,16,50.0,0.22727272727272727,0.35294117647058826
2024-10-07,0.0,0.0,21,219984.65,10475.459523809524,0,0,21,50.0,0.0,0.0
2024-10-08,5396.546638,149.90407327777777,36,434584.13,12071.781388888889,33,34,2,49.0,0.9166666666666666,11.333333333333334
2024-10-09,396.06272,28.290194285714286,14,220399.93,15742.852142857142,3,11,3,49.0,0.21428571428571427,2.75
2024-10-10,0.0,0.0,16,300024.33999999997,18751.521249999998,0,16,0,39.0,0.0,16.0
2024-10-11,8885.327477,341.74336450000004,26,488904.19,18804.007307692307,18,0,26,32.0,0.6923076923076923,0.0
2024-10-12,541.55471,54.155471,10,159713.4,15971.34,7,7,3,49.0,0.7,1.75
2024-10-13,0.0,0.0,10,60002.42,6000.242,0,10,0,50.0,0.0,10.0
2024-10-14,1913.61958,382.72391600000003,5,61916.020000000004,12383.204000000002,5,0,5,48.0,1.0,0.0
2024-10-15,1170.2260760000001,167.17515371428573,7,81173.36,11596.194285714286,4,3,4,65.0,0.5714285714285714,0.6
2024-10-16,219.480876,19.95280690909091,11,80229.17,7293.560909090909,3,8,3,73.0,0.2727272727272727,2.0
2024-10-17,36.11496,4.0127733333333335,9,140531.75,15614.638888888889,1,7,2,71.0,0.1111111111111111,2.3333333333333335
2024-10-18,333.219141,55.536523499999994,6,120331.43000000001,20055.238333333335,5,1,5,73.0,0.8333333333333334,0.16666666666666666
2024-10-19,0.0,0.0,4,99996.86,24999.215,0,4,0,72.0,0.0,4.0
2024-10-20,389.155797,4.05370621875,96,176447.86000000002,1837.9985416666668,11,7,89,73.0,0.11458333333333333,0.07777777777777778
2024-10-21,2464.915564,14.248066843930635,173,324117.99,1873.5143930635838,68,79,94,72.0,0.3930635838150289,0.8315789473684211
2024-10-22,0.0,0.0,3,60000.36,20000.12,0,3,0,70.0,0.0,3.0
2024-10-23,-46.489941,-2.5827745,18,210006.07,11667.003888888888,0,15,3,71.0,0.0,3.75
2024-10-25,13235.862071,441.19540236666666,30,427883.18,14262.772666666666,21,14,16,72.0,0.7,0.8235294117647058
2024-10-27,666.6623079999999,166.66557699999998,4,90664.41,22666.1025,3,0,4,74.0,0.75,0.0
2024-10-28,167.28016200000002,12.867704769230771,13,121495.25,9345.788461538461,4,0,13,72.0,0.3076923076923077,0.0
2024-10-29,801.170876,15.11643162264151,53,613267.8099999999,11571.09075471698,3,3,50,72.0,0.05660377358490566,0.058823529411764705
2024-10-30,9.150023,0.36600091999999995,25,11830.85,473.23400000000004,7,8,17,77.0,0.28,0.4444444444444444
2024-10-31,1214.043811,25.292579395833332,48,896173.36,18670.278333333332,34,42,6,77.0,0.7083333333333334,6.0
2024-11-01,1040.475736,45.238075478260875,23,260981.03,11347.001304347827,6,13,10,75.0,0.2608695652173913,1.1818181818181819
2024-11-02,0.0,0.0,2,40000.0,20000.0,0,2,0,72.0,0.0,2.0
2024-11-03,0.0,0.0,6,129055.66,21509.27666666667,0,6,0,74.0,0.0,6.0
2024-11-04,2799.410474,77.76140205555555,36,451811.97,12550.332499999999,23,13,23,70.0,0.6388888888888888,0.5416666666666666
2024-11-05,678.4759280000001,67.8475928,10,200627.23,20062.723,5,5,5,70.0,0.5,0.8333333333333334
2024-11-06,2817.83723,187.85581533333334,15,123906.9,8260.46,7,6,9,70.0,0.4666666666666667,0.6
2024-11-07,4493.353136,39.764187044247784,113,111335.3,985.2681415929204,60,53,60,77.0,0.5309734513274337,0.8688524590163934
2024-11-08,-64.41354100000007,-1.6516292564102582,39,270700.44,6941.036923076923,6,23,16,75.0,0.15384615384615385,1.3529411764705883
2024-11-09,102.90894,1.196615581395349,86,193384.41,2248.655930232558,19,53,33,75.0,0.22093023255813954,1.5588235294117647
2024-11-10,991.114334,5.728984589595376,173,413636.7,2390.963583815029,51,48,125,78.0,0.2947976878612717,0.38095238095238093
2024-11-11,6749.630996,18.09552545844504,373,1570572.42,4210.649919571046,92,94,279,76.0,0.24664879356568364,0.3357142857142857
2024-11-12,3494.399394,20.435084175438597,171,1226354.52,7171.663859649123,34,98,73,80.0,0.19883040935672514,1.3243243243243243
2024-11-13,7846.402274,163.46671404166668,48,515336.37,10736.174375,27,16,32,84.0,0.5625,0.48484848484848486
2024-11-14,4563.509225,41.4864475,110,1008361.81,9166.925545454545,28,82,28,88.0,0.2545454545454545,2.8275862068965516
2024-11-15,4140.740438,27.790204281879195,149,1427858.42,9582.942416107382,55,91,58,80.0,0.3691275167785235,1.5423728813559323
2024-11-16,2769.521909,17.640266936305732,157,303296.07,1931.822101910828,48,77,80,86.0,0.3057324840764331,0.9506172839506173
2024-11-17,882.975285,4.224762129186603,209,1215987.57,5818.122344497608,49,73,136,90.0,0.23444976076555024,0.5328467153284672
2024-11-18,4470.815187,12.921431176300578,346,2084339.58,6024.102832369942,124,125,221,83.0,0.3583815028901734,0.5630630630630631
2024-11-19,2958.268991,9.699242593442623,305,628031.15,2059.118524590164,150,160,145,90.0,0.4918032786885246,1.095890410958904
2024-11-20,4210.0928969999995,7.654714358181818,550,1999514.1199999999,3635.480218181818,219,244,306,83.0,0.3981818181818182,0.7947882736156352
2024-11-21,1692.430891,3.1634222261682243,535,598300.62,1118.3189158878504,165,235,300,82.0,0.308411214953271,0.7807308970099668
2024-11-22,-18105.345617,-26.664721085419732,679,1646713.62,2425.2041531664213,209,327,352,94.0,0.3078055964653903,0.9263456090651558
2024-11-23,2901.531638,7.993200104683195,363,516245.68,1422.1644077134986,128,150,213,93.0,0.3526170798898072,0.7009345794392523
2024-11-24,945.550386,5.497385965116279,172,664952.28,3866.001627906977,46,103,69,80.0,0.26744186046511625,1.4714285714285715
2024-11-25,5523.740734,21.66172836862745,255,937410.87,3676.1210588235294,105,126,129,82.0,0.4117647058823529,0.9692307692307692
2024-11-26,1094.809359,3.6251965529801327,302,1146902.44,3797.6901986754965,88,197,105,79.0,0.2913907284768212,1.8584905660377358
2024-11-27,-2654.495633,-12.462420812206572,213,1444242.53,6780.481361502348,74,72,141,75.0,0.3474178403755869,0.5070422535211268
2024-11-28,-127075.39958499999,-382.75722766566264,332,1894225.15,5705.497439759036,109,207,125,77.0,0.32831325301204817,1.6428571428571428
2024-11-29,176844.994152,449.98726247328244,393,794262.91,2021.0252162849874,192,148,245,78.0,0.48854961832061067,0.6016260162601627
2024-11-30,37316.69352,100.04475474530831,373,1732193.7,4643.950938337802,157,103,270,84.0,0.42091152815013405,0.3800738007380074
2024-12-01,40886.364494,98.28453003365385,416,814711.82,1958.441875,221,144,272,81.0,0.53125,0.5274725274725275
2024-12-02,18489.604313,68.48001597407408,270,585243.56,2167.568740740741,110,156,114,80.0,0.4074074074074074,1.3565217391304347
2024-12-03,23576.539285,63.03887509358289,374,1084666.53,2900.177887700535,161,170,204,76.0,0.4304812834224599,0.8292682926829268
2024-12-04,292891.815021,918.1561599404388,319,769287.65,2411.5600313479626,148,96,223,78.0,0.46394984326018807,0.42857142857142855
2024-12-05,71574.11848800001,156.96078615789474,456,1256750.79,2756.0324342105264,193,192,264,84.0,0.4232456140350877,0.7245283018867924
2024-12-06,-92624.643895,-229.83782604218362,403,3471019.22,8612.950918114144,94,205,198,72.0,0.23325062034739455,1.0301507537688441
2024-12-07,85906.279067,282.5864442993421,304,451733.42,1485.965197368421,131,110,194,75.0,0.4309210526315789,0.5641025641025641
2024-12-08,15965.933436,38.014127228571425,420,932939.72,2221.2850476190474,152,82,338,79.0,0.3619047619047619,0.24188790560471976
2024-12-09,6310.967676,11.708659881261596,539,983949.68,1825.5096103896105,172,455,84,78.0,0.31910946196660483,5.352941176470588
2024-12-10,39325.770231,24.640206911654136,1596,3150424.08,1973.94992481203,937,530,1066,78.0,0.5870927318295739,0.4967197750702905
2024-12-11,319051.554217,261.30348420720725,1221,2194098.33,1796.9683292383293,870,171,1050,74.0,0.7125307125307125,0.16270218839200762
2024-12-12,599151.795008,310.1199767122153,1932,4557189.87,2358.7939285714288,1352,421,1511,83.0,0.6997929606625258,0.27843915343915343
2024-12-13,31935.901745,27.22583268968457,1173,2880824.64,2455.9459846547315,471,676,497,76.0,0.40153452685422,1.357429718875502
2024-12-14,167801.399244,135.87157833522267,1235,2369561.78,1918.6735060728743,585,595,640,83.0,0.47368421052631576,0.9282371294851794
2024-12-15,97525.315279,57.4692488385386,1697,2583269.81,1522.256812021214,417,1131,566,80.0,0.24572775486152032,1.9947089947089947
2024-12-16,166774.344133,158.07994704549765,1055,2740808.97,2597.9231943127966,535,423,632,83.0,0.5071090047393365,0.6682464454976303
2024-12-17,219591.305172,113.13307839876352,1941,5233597.63,2696.3408706852138,847,851,1090,87.0,0.4363730036063885,0.7800183318056828
2024-12-18,13682.994673,9.575223703988803,1429,3798887.07,2658.423421973408,523,715,714,81.0,0.36599020293911827,1.0
2024-12-19,62744.004486000005,18.79125621024259,3339,8241709.39,2468.316678646301,2053,1201,2138,75.0,0.6148547469302186,0.5614773258532024
2024-12-20,254969.660039,102.47976689670418,2488,7681274.71,3087.3290635048234,1383,1129,1359,74.0,0.5558681672025724,0.8301470588235295
2024-12-21,150022.163157,89.24578415050566,1681,4382875.12,2607.302272456871,924,596,1085,73.0,0.5496728138013087,0.5488029465930019
2024-12-22,352197.163973,455.03509557235145,774,3087320.22,3988.7858139534887,337,448,326,73.0,0.4354005167958656,1.3700305810397553
2024-12-23,-29430.626577,-12.53967898466127,2347,6771878.26,2885.333728163613,681,1036,1311,70.0,0.2901576480613549,0.7896341463414634
2024-12-24,14813.780116,43.827751822485205,338,1767036.11,5227.917485207101,114,118,220,73.0,0.33727810650887574,0.5339366515837104
2024-12-25,756.6570469999998,3.637774264423076,208,347889.35,1672.5449519230767,63,86,122,73.0,0.30288461538461536,0.6991869918699187
2024-12-26,60228.639722,86.41124780774749,697,2205242.65,3163.9062410329984,358,373,324,79.0,0.5136298421807748,1.1476923076923078
2024-12-27,2672.811035,10.280042442307693,260,347913.0,1338.126923076923,110,137,123,74.0,0.4230769230769231,1.1048387096774193
2024-12-28,940.673623,5.842693310559007,161,281555.01,1748.7888819875777,37,57,104,72.0,0.22981366459627328,0.5428571428571428
2024-12-29,2884.067927,14.348596651741294,201,344628.54,1714.5698507462685,64,69,132,73.0,0.31840796019900497,0.518796992481203
2024-12-30,9009.738137,29.637296503289473,304,1073865.73,3532.453059210526,120,183,121,65.0,0.39473684210526316,1.5
2024-12-31,5445.01281,17.794159509803922,306,877164.62,2866.551045751634,92,141,165,64.0,0.3006535947712418,0.8493975903614458
2025-01-01,-9528.065345,-99.25068067708334,96,282582.1,2943.5635416666664,29,68,28,66.0,0.3020833333333333,2.3448275862068964
2025-01-02,8716.519087,24.145482235457067,361,774674.84,2145.9136842105263,165,107,254,70.0,0.45706371191135736,0.4196078431372549
2025-01-03,6028.486793,11.867099986220472,508,771208.99,1518.1279330708662,138,169,339,74.0,0.27165354330708663,0.4970588235294118
2025-01-04,2553.537968,6.882851665768194,371,1826029.6199999999,4921.912722371967,75,76,295,73.0,0.20215633423180593,0.25675675675675674
2025-01-05,3187.719363,13.337737920502093,239,451943.57,1890.977280334728,100,65,174,72.0,0.41841004184100417,0.37142857142857144
2025-01-06,6064.185393,10.583220581151831,573,556526.99,971.2512914485166,89,148,425,76.0,0.15532286212914484,0.3474178403755869
2025-01-07,16098.227531,25.271942748822607,637,1313178.1,2061.504081632653,485,562,75,78.0,0.7613814756671899,7.394736842105263
2025-01-08,130117.090554,125.23300342059672,1039,3177275.18,3058.0126852743024,386,745,294,70.0,0.37151106833493747,2.5254237288135593
2025-01-09,46975.928902,89.99220096168582,522,1020733.25,1955.427681992337,145,201,321,69.0,0.2777777777777778,0.6242236024844721
2025-01-10,-10116.875552,-12.352717401709402,819,6547449.68,7994.444053724053,432,366,453,50.0,0.5274725274725275,0.8061674008810573
2025-01-11,2269.080536,8.017952424028268,283,1658098.71,5859.006042402827,69,166,117,69.0,0.24381625441696114,1.4067796610169492
2025-01-12,5742.241803,9.538607646179402,602,2258459.17,3751.59330564784,472,81,521,62.0,0.7840531561461794,0.15517241379310345
2025-01-13,9655.429352,23.66526801960784,408,2936648.0100000002,7197.666691176471,158,240,168,61.0,0.3872549019607843,1.4201183431952662
2025-01-14,16069.512355,58.43459038181818,275,876581.97,3187.5708,137,92,183,63.0,0.49818181818181817,0.5
2025-01-15,14819.5883,55.50407602996255,267,1801599.8900000001,6747.565131086143,123,93,174,70.0,0.4606741573033708,0.5314285714285715
2025-01-16,20807.709328,56.08546988679245,371,3049692.96,8220.196657681941,127,114,257,75.0,0.3423180592991914,0.4418604651162791
2025-01-17,7006.415608,29.43872104201681,238,1110230.46,4664.8338655462185,126,95,143,75.0,0.5294117647058824,0.6597222222222222
2025-01-18,443.2330819999997,0.6808495883256523,651,2711629.88,4165.330076804916,248,353,298,77.0,0.38095238095238093,1.1806020066889633
2025-01-19,87923.799302,56.10963580216975,1567,9715215.3,6199.8821314613915,317,841,726,77.0,0.20229738353541799,1.156808803301238
2025-01-20,87277.239173,66.37052408593155,1315,8287327.01,6302.149817490495,687,755,560,76.0,0.5224334600760456,1.3458110516934045
2025-01-21,11077.839421,20.901583813207548,530,1523729.82,2874.961924528302,205,145,385,76.0,0.3867924528301887,0.3756476683937824
2025-01-22,20524.408057,24.66875968389423,832,1778406.43,2137.5077283653845,234,297,535,84.0,0.28125,0.5541044776119403
2025-01-23,101256.24216,83.13320374384236,1218,3697028.66,3035.3273070607556,805,561,657,75.0,0.6609195402298851,0.8525835866261399
2025-01-24,10602.779738,12.131326931350113,874,1611433.45,1843.7453661327231,488,358,516,75.0,0.5583524027459954,0.6924564796905223
2025-01-25,-10348.016255999999,-20.450625011857706,506,1239377.7,2449.363043478261,141,315,191,75.0,0.27865612648221344,1.640625
2025-01-26,40823.466668,90.51766445232816,451,1201173.66,2663.3562305986693,196,176,275,73.0,0.43458980044345896,0.6376811594202898
2025-01-27,41331.765392,53.469295461837,773,1508028.31,1950.8775032341528,368,510,263,71.0,0.4760672703751617,1.9318181818181819
2025-01-28,17979.613973,36.103642516064255,498,579412.17,1163.4782530120483,313,157,341,72.0,0.6285140562248996,0.4590643274853801
2025-01-29,23421.01147,25.737375241758244,910,1897513.41,2085.1795714285713,379,438,472,72.0,0.4164835164835165,0.9260042283298098
2025-01-30,23097.471385,21.64711470009372,1067,3014397.17,2825.114498594189,370,267,800,70.0,0.3467666354264292,0.3333333333333333
2025-01-31,35868.296773,35.303441705708664,1016,2783411.48,2739.578228346457,550,323,693,76.0,0.5413385826771654,0.4654178674351585
2025-02-01,32300.205017,50.946695610410096,634,1363746.44,2151.019621451104,378,352,282,68.0,0.5962145110410094,1.243816254416961
2025-02-02,162854.759623,123.46835452843062,1319,5661092.29,4291.957763457164,473,833,486,60.0,0.35860500379075055,1.7104722792607803
2025-02-03,348871.326269,146.58459086932774,2380,22592901.37,9492.815701680673,1103,1091,1289,44.0,0.4634453781512605,0.8457364341085272
2025-02-04,416876.88812,165.9541752070064,2512,15678409.27,6241.404964171974,695,1143,1369,72.0,0.276671974522293,0.8343065693430657
2025-02-05,56706.235562,43.721075992289904,1297,8743231.51,6741.1191287586735,417,689,608,54.0,0.3215111796453354,1.1313628899835797
2025-02-06,33803.799733,19.84955944392249,1703,2818508.87,1655.0257604227834,785,1163,540,49.0,0.46095126247798,2.1497227356746764
2025-02-07,22450.002091,14.730972500656167,1524,3460263.54,2270.5141338582675,430,957,567,44.0,0.2821522309711286,1.6848591549295775
2025-02-08,586.703253,1.0203534834782608,575,839734.97,1460.4086434782607,110,451,124,44.0,0.19130434782608696,3.608
2025-02-09,150551.829492,197.05736844502616,764,2920919.7,3823.19332460733,329,428,336,46.0,0.4306282722513089,1.2700296735905046
2025-02-10,63908.49465,71.88807047244094,889,3624958.44,4077.5685489313837,425,360,529,43.0,0.4780652418447694,0.6792452830188679
2025-02-11,-6093.784817,-7.186067001179245,848,2797544.17,3298.990766509434,185,362,486,47.0,0.21816037735849056,0.7433264887063655
2025-02-12,19848.635032,19.251828353055284,1031,4143974.54,4019.3739476236665,477,406,625,46.0,0.4626576139670223,0.6485623003194888
2025-02-13,27829.534238,20.313528640875912,1370,3199852.21,2335.6585474452554,641,593,777,50.0,0.4678832116788321,0.7622107969151671
2025-02-14,213860.675308,129.22095184773414,1655,4007103.42,2421.210525679758,710,532,1123,48.0,0.42900302114803623,0.47330960854092524
2025-02-15,45042.92701,48.32932082618026,932,1712852.95,1837.8250536480687,401,573,359,50.0,0.4302575107296137,1.5916666666666666
2025-02-16,2369.478425,3.4794103157121876,681,806177.64,1183.8144493392072,300,345,336,54.0,0.44052863436123346,1.0237388724035608
2025-02-17,1818.573295,1.9325964877789585,941,2031044.64,2158.3896280552603,211,623,318,51.0,0.22422954303931988,1.9529780564263324
2025-02-18,91204.672403,54.418062292959426,1676,3371128.68,2011.413293556086,858,1051,625,47.0,0.5119331742243437,1.6789137380191694
2025-02-19,14985.794701,11.010870463629685,1361,3263930.24,2398.185334313005,582,864,497,44.0,0.4276267450404115,1.7349397590361446
2025-02-20,46008.794102,22.867193887673956,2012,4628609.29,2300.5016351888667,964,788,1224,49.0,0.47912524850894633,0.643265306122449
2025-02-21,119693.49395,63.904695114789114,1873,3972159.88,2120.747399893219,978,744,1129,55.0,0.5221569674319274,0.6584070796460177
2025-02-22,25278.704178,36.849423,686,3175570.2,4629.111078717201,341,360,326,49.0,0.4970845481049563,1.1009174311926606
2025-02-23,10656.934251,20.494104328846156,520,1141310.74,2194.8283461538463,234,283,237,50.0,0.45,1.1890756302521008
2025-02-24,38470.176242,6.850102607193732,5616,11223619.59,1998.5077617521367,2228,3255,2361,49.0,0.39672364672364674,1.378069432684166
2025-02-25,204762.177034,32.782929400256165,6246,19414984.36,3108.3868651937237,1628,4236,2010,25.0,0.260646813960935,2.106414719045251
2025-02-26,63229.063129,53.76621014370748,1176,4946958.13,4206.597049319727,789,387,789,21.0,0.6709183673469388,0.489873417721519
2025-02-27,-36525.167517,-41.039514064044944,890,1999898.43,2247.0768876404495,247,406,484,10.0,0.27752808988764044,0.8371134020618557
2025-02-28,225628.108748,221.4211077016683,1019,4123660.77,4046.7721000981355,396,530,489,16.0,0.3886162904808636,1.0816326530612246
2025-03-01,10596.108968,60.897177977011495,174,263824.13,1516.230632183908,78,105,69,20.0,0.4482758620689655,1.5
2025-03-02,66914.320708,125.77879832330827,532,6460848.74,12144.452518796992,267,274,258,26.0,0.5018796992481203,1.057915057915058
2025-03-03,616413.032233,415.9332201302294,1482,8244590.38,5563.151403508772,912,1069,413,33.0,0.6153846153846154,2.582125603864734
2025-03-04,182075.566585,75.80165136761032,2402,11124247.15,4631.24360949209,609,1748,654,15.0,0.25353871773522063,2.668702290076336
2025-03-05,269328.365917,162.24600356445782,1660,9193654.22,5538.345915662651,1259,375,1285,20.0,0.7584337349397591,0.291601866251944
2025-03-06,16101.125561,21.18569152763158,760,6765324.96,8901.743368421052,365,371,389,25.0,0.48026315789473684,0.9512820512820512
2025-03-07,150236.061627,58.86993010462382,2552,19854275.48,7779.888510971787,1333,1227,1325,34.0,0.5223354231974922,0.9253393665158371
2025-03-08,24700.773359,46.69333338185255,529,892083.51,1686.3582419659735,301,288,241,28.0,0.5689981096408318,1.1900826446280992
2025-03-09,19773.457395,13.905384947257385,1422,10419697.99,7327.495070323488,627,947,475,27.0,0.4409282700421941,1.9894957983193278
2025-03-10,-10010.027269999999,-3.438690233596702,2911,16811790.68,5775.263029886637,1157,1570,1341,20.0,0.39745791824115423,1.1698956780923995
2025-03-11,-76880.729036,-23.3964482763238,3286,14016952.09,4265.657970176507,616,2120,1166,24.0,0.18746195982958003,1.81662382176521
2025-03-12,288105.984215,72.60735489289314,3968,18618139.15,4692.071358366935,2240,1647,2321,34.0,0.5645161290322581,0.7093023255813954
2025-03-13,14114.870873,14.672422944906446,962,3285591.22,3415.375488565489,440,468,494,45.0,0.4573804573804574,0.9454545454545454
2025-03-14,68646.160089,31.061610899999998,2210,8047187.16,3641.261158371041,1887,297,1913,27.0,0.8538461538461538,0.15517241379310345
2025-03-15,78694.624572,301.51197154022987,261,2355749.54,9025.86030651341,155,154,107,46.0,0.5938697318007663,1.4259259259259258
2025-03-16,-7910.943544999999,-14.926308575471696,530,10187921.51,19222.49341509434,123,304,226,30.0,0.2320754716981132,1.3392070484581498
2025-03-17,26163.906513,28.439028818478263,920,3592895.05,3905.320706521739,417,483,437,32.0,0.4532608695652174,1.1027397260273972
2025-03-18,72322.788824,86.71797221103118,834,4050655.47,4856.901043165468,188,341,493,34.0,0.22541966426858512,0.6902834008097166
2025-03-19,29374.682341,18.222507655707197,1612,4598813.57,2852.8620161290323,671,563,1049,32.0,0.4162531017369727,0.5361904761904762
2025-03-20,10246.859436,13.290349463035021,771,1652257.93,2143.0063942931256,315,238,533,49.0,0.4085603112840467,0.44569288389513106
2025-03-21,6951.270374,9.958840077363897,698,2543903.39,3644.560730659026,349,346,352,31.0,0.5,0.9801699716713881
2025-03-22,12498.535254,23.361748138317758,535,971809.42,1816.4662056074767,254,222,313,32.0,0.4747663551401869,0.7070063694267515
2025-03-23,14047.421585,31.425999071588368,447,2593519.67,5802.057427293064,146,290,157,30.0,0.32662192393736017,1.8354430379746836
2025-03-24,107878.961301,105.04280555111977,1027,3017587.05,2938.254186952288,632,213,814,45.0,0.6153846153846154,0.26134969325153373
2025-03-25,32030.90678,40.49419314791403,791,5372519.77,6792.060391908975,286,422,369,46.0,0.3615676359039191,1.1405405405405404
2025-03-26,15802.167427,5.094186791424887,3102,7597754.37,2449.30830754352,841,1574,1528,47.0,0.27111540941328177,1.0294310006540222
2025-03-27,58825.359221,74.9367633388535,785,3240279.46,4127.744535031847,262,474,311,40.0,0.33375796178343947,1.5192307692307692
2025-03-28,21337.179335,29.30931227335165,728,1483092.61,2037.2151236263737,231,533,195,44.0,0.3173076923076923,2.7193877551020407
2025-03-29,12098.872931,6.38800049155227,1894,3668151.83,1936.7221911298839,674,997,897,26.0,0.3558606124604013,1.1102449888641426
2025-03-30,15795.11514,27.8083013028169,568,2850874.96,5019.146056338028,94,478,90,32.0,0.16549295774647887,5.252747252747253
2025-03-31,6978.184557,14.097342539393939,495,2164772.4699999997,4373.277717171717,259,214,281,34.0,0.5232323232323233,0.7588652482269503
2025-04-01,-2202.6622420000003,-11.472199177083334,192,704445.1900000001,3668.9853645833336,88,92,100,34.0,0.4583333333333333,0.9108910891089109
2025-04-02,202212.740938,187.930056633829,1076,3867930.6,3594.7310408921935,963,128,948,44.0,0.8949814126394052,0.13487881981032665
2025-04-03,-2365.961276,-1.353524757437071,1748,8670233.15,4960.087614416476,520,956,792,25.0,0.2974828375286041,1.205548549810845
2025-04-04,-25515.678949999998,-20.05949602987421,1272,3835545.73,3015.3661399371067,493,499,773,28.0,0.38757861635220126,0.6447028423772609
2025-04-05,35907.33771,99.74260475,360,1267564.22,3521.011722222222,209,138,222,30.0,0.5805555555555556,0.6188340807174888
2025-04-06,47053.449272,44.89832945801527,1048,3551252.06,3388.59929389313,332,678,370,34.0,0.31679389312977096,1.8274932614555257
2025-04-07,34527.370305,12.269854408315563,2814,14460253.14,5138.682707889126,673,1415,1399,23.0,0.23916133617626156,1.0107142857142857
2025-04-08,34899.394798,37.00890222481442,943,8869391.4,9405.505196182397,386,430,513,24.0,0.4093319194061506,0.8365758754863813
2025-04-09,43120.444797,10.86978694151752,3967,28556806.47,7198.589984875221,1708,1764,2203,18.0,0.43055205444920597,0.8003629764065335
2025-04-10,158261.822261,74.40612236060178,2127,28741953.29,13512.90704748472,1125,1137,990,39.0,0.5289139633286318,1.1473259334006054
2025-04-11,126406.479081,115.33437872354014,1096,11319327.07,10327.853166058394,368,312,784,25.0,0.3357664233576642,0.3974522292993631
2025-04-12,410419.694533,194.60393292223802,2109,55914617.49,26512.383826458037,574,800,1309,43.0,0.2721669037458511,0.6106870229007634
2025-04-13,48696.021521,36.86299888039364,1321,14171154.79,10727.596358819075,478,739,582,45.0,0.3618470855412566,1.267581475128645
2025-04-14,45680.443063,51.32634052022472,890,13079972.98,14696.598853932584,376,517,373,31.0,0.42247191011235957,1.3823529411764706
2025-04-15,72357.706282,63.976751796640144,1131,20752168.24,18348.51303271441,647,344,787,38.0,0.5720601237842617,0.4365482233502538
2025-04-16,58631.730257,36.46251881654229,1608,36502715.9,22700.69396766169,547,835,773,29.0,0.3401741293532338,1.078811369509044
2025-04-17,5427.919886,5.264713759456837,1031,2604551.51,2526.238128031038,313,341,690,30.0,0.30358874878758485,0.4934876989869754
2025-04-18,4880.4047439999995,2.576771248152059,1894,24610650.46,12994.007634635693,971,755,1139,33.0,0.5126715945089757,0.6622807017543859
2025-04-19,71950.577495,25.82576363783202,2786,32706462.71,11739.577426417804,814,999,1787,32.0,0.2921751615218952,0.5587248322147651
2025-04-20,25060.341936,12.643966668012109,1982,12126094.05,6118.110015136226,790,1079,903,37.0,0.3985872855701312,1.1935840707964602
2025-04-21,34369.267906999994,20.005394590803256,1718,42104054.84,24507.598859138536,677,604,1114,39.0,0.3940628637951106,0.5417040358744395
2025-04-22,58652.763578,19.563963835223483,2998,33753625.24,11258.714222815212,888,1420,1578,47.0,0.2961974649766511,0.8993033565547816
2025-04-23,-419020.225731,-68.03380836678032,6159,30682443.79,4981.72492125345,2000,4218,1941,72.0,0.324728040266277,2.171987641606591
2025-04-24,50704.395965,22.717023281810036,2232,35088918.64,15720.841684587815,923,1223,1009,63.0,0.4135304659498208,1.2108910891089109
2025-04-25,20218.859206,12.231614764670297,1653,27749455.78,16787.32957047792,638,681,972,60.0,0.38596491228070173,0.6998972250770812
2025-04-26,-4125.753942,-3.6478814694960215,1131,11948127.77,10564.215534924844,195,604,527,65.0,0.1724137931034483,1.143939393939394
2025-04-27,2702.067468,8.018004356083086,337,487537.69,1446.6993768545994,120,209,128,61.0,0.3560830860534125,1.62015503875969
2025-04-28,36906.813759,26.763461754169686,1379,26124921.49,18944.83066715011,575,652,727,54.0,0.4169688179840464,0.8956043956043956
2025-04-29,125749.613427,56.06313572313866,2243,34089511.66,15198.177289344627,969,1105,1138,60.0,0.43201069995541685,0.9701492537313433
2025-04-30,14003.797269,12.582028094339623,1113,12693878.85,11405.10229110512,295,838,275,56.0,0.26504941599281223,3.036231884057971
2025-05-01,54536.829297000004,44.338885607317074,1230,10720240.52,8715.642699186992,530,686,544,53.0,0.43089430894308944,1.2587155963302752
